<?xml version="1.0" encoding="utf-8"?>
<resources>
    <public />

    <public name="YouTubePlayerSeekBar_fontSize" type="attr" />
    <public name="YouTubePlayerSeekBar_color" type="attr" />

    <public name="YouTubePlayerView_enableAutomaticInitialization" type="attr" />
    <public name="YouTubePlayerView_useWebUi" type="attr" />
    <public name="YouTubePlayerView_enableLiveVideoUi" type="attr" />
    <public name="YouTubePlayerView_videoId" type="attr" />
    <public name="YouTubePlayerView_autoPlay" type="attr" />
    <public name="YouTubePlayerView_handleNetworkEvents" type="attr" />
    <public name="YouTubePlayerView_showYouTubeButton" type="attr" />
    <public name="YouTubePlayerView_showFullScreenButton" type="attr" />
    <public name="YouTubePlayerView_showVideoCurrentTime" type="attr" />
    <public name="YouTubePlayerView_showVideoDuration" type="attr" />
    <public name="YouTubePlayerView_showSeekBar" type="attr" />

</resources>